shop,owner,trade,city,phone,url,status
Moore Air and Heat,,HVAC,Grandview,(817) 898-2665,https://garrettc123.github.io/1,
Bullard's Heating and Air,Otis,HVAC,Grandview,(817) 319-6110,https://garrettc123.github.io/1,
AC1,Mark Wagner,HVAC,Grandview,(817) 517-9916,https://garrettc123.github.io/1,
Texas Ace Heating & Air,Jory,HVAC,Grandview,(817) 240-6701,https://garrettc123.github.io/1,
AirMasters,Mark Williams,HVAC,Grandview,(817) 558-2505,https://garrettc123.github.io/1,
JRC AC & Heating,Cesar,HVAC,Grandview,(817) 939-7898,https://garrettc123.github.io/1,
Southern Mechanical Air,Clint,HVAC,Grandview,(817) 447-8247,https://garrettc123.github.io/1,
Texas Total Mechanical AC,Efrain,HVAC,Grandview,(214) 229-6570,https://garrettc123.github.io/1,
A & H Refrigeration,Rickey,HVAC,Grandview,(254) 799-2422,https://garrettc123.github.io/1,
One Hour,Dustin,HVAC,Grandview,(682) 348-2884,https://garrettc123.github.io/1,
